address,type
0x0042c334,string
0x0042c358,string
0x0042c378,string
0x0042c398,string
0x0042c3cc,string
0x0042c3dc,string
0x0042c3e8,string
0x0042c3fc,string
0x0042c574,string
0x0042c588,string
0x0042c648,string
0x0042c69c,string
0x0042c6ac,string
0x0042c6d4,string
0x0042c6f0,string
0x0042c74c,string
0x0042c7a4,string
0x0042c7b0,string
0x0042c7c0,string
0x0042c7c8,string
0x0042c830,string
0x0042c89c,string
0x0042c8b4,string
0x0042c8d8,string
0x0042c8ec,string
0x0042c904,string
0x0042c918,string
0x0042c92c,string
0x0042c938,string
0x0042c944,string
0x0042c950,string
0x0042cbd8,string
0x0042cbec,string
0x0042cbf4,string
0x0042cbf8,string
0x0042cc2c,string
0x0042cc33,string
0x0042cc34,string
0x0042cc50,string
0x0042cc94,string
0x0042cc9c,string
0x0042cca8,string
0x0042ccb4,string
0x0042ccbc,string
0x0042ccc8,string
0x0042ccdc,string
0x0042cce8,string
0x0042ccf4,string
0x0042ccfc,string
0x0042cd04,string
0x0042cd0c,string
0x0042cd1c,string
0x0042cd48,string
